<?xml version="1.0" encoding="utf-8"?>
<updates>
	<update>
		<name>Content Notifier Plugin</name>
		<description>Joomla! Content Notifier Plugin</description>
		<type>package</type>
        <group>content</group>
		<element>notifier</element>
		<version>5.7</version>
		<client>site</client>
		<infourl title="Content Notifier Plugin">https://github.com/bascherz/Content-Notifier-Joomla-Plugin/releases/tag/5.7</infourl>
		<downloads>
			<downloadurl type="full" format="zip">https://github.com/bascherz/Content-Notifier-Joomla-Plugin/releases/download/5.7/pkg_contentnotifier_5.7.zip</downloadurl>
		</downloads>
		<targetplatform name="joomla" version="4.[0123456789]" />
	</update>
</updates>
