<?xml version="1.0" encoding="utf-8"?>
<updates>
	<update>
		<name>Content Notifier Task Plugin</name>
		<description>Joomla! Content Notifier Task Plugin</description>
		<element>notifiertask</element>
        <folder>task</folder>
		<type>plugin</type>
		<version>5.4</version>
		<client>site</client>
		<infourl title="Content Notifier Task Plugin">https://github.com/bascherz/Content-Notifier-Joomla-Task-Plugin/releases/tag/5.4</infourl>
		<downloads>
			<downloadurl type="full" format="zip">https://github.com/bascherz/Content-Notifier-Joomla-Task-Plugin/releases/download/5.4/plg_contentnotifiertask_5.4.zip</downloadurl>
		</downloads>
		<targetplatform name="joomla" version="4.[0123456789]" />
	</update>
</updates>
