<?xml version="1.0" encoding="UTF-8"?>
<form>
	<field name="enabled" type="radio"
		label="Enable This Group:"
		description="Enable or disable this group."
		class="btn-group btn-group-yesno"
		default="0"
		>
		<option value="1">JYES</option>
		<option value="0">JNO</option>
	</field>
    <field name="category" type="category"
        label="Categories:"
        description="Select one or more categories to which to send notifications to this group's Address(es)."
        extension="com_content"
        multiple="true"
    />
    
    <field name="address" type="email"
        label="Address:"
        description="Email address(es) to receive notifications for this group's Categories. Comma-separated if multiple."
        class="inputbox"
        validate="email"
    />

    <field name="htmltemplate" type="editor"
        label="HTML Template:"
        description="Enter the HTML layout for messages sent to this group's Address. Insert [LINK] where you want the link to the article to appear."
        filter="safehtml"
        default=""
        height="80"                    
    />

    <field name="texttemplate" type="textarea"
        label="Text Template:"
        description="Enter the layout for messages sent to this group's Address. Insert [LINK] where you want the link to the article to appear."
        editor="none"
        rows="8"
        cols="300"
        default=""
    />
</form>