<?xml version="1.0" encoding="utf-8"?>
<updates>
	<update>
		<name>Content Notifier Plugin</name>
		<description>Joomla! Content Notifier Plugin</description>
		<element>notifier</element>
        <folder>content</folder>
		<type>plugin</type>
		<version>5.4</version>
		<client>site</client>
		<infourl title="Content Notifier Plugin">https://github.com/bascherz/Content-Notifier-Joomla-Plugin/releases/tag/5.3</infourl>
		<downloads>
			<downloadurl type="full" format="zip">https://github.com/bascherz/Content-Notifier-Joomla-Plugin/releases/download/5.4/plg_contentnotifier_5.4.zip</downloadurl>
		</downloads>
		<targetplatform name="joomla" version="4.[0123456789]" />
	</update>
</updates>
